Mention_ID,Date,Platform,Brand_Mentioned,Manufacturer,Author_Type,Reach,Engagement,Sentiment_-1to1,Sentiment_Bucket,Topic_Tags,Has_Video,DMA_Region,Source
SM_00000001,2024-06-01,TikTok,Great Value,Walmart PL,Creator,1359602,25051,-0.963,Negative,health;grain-free,0,BOS,Brandwatch
SM_00000002,2024-05-14,Instagram,Quaker,PepsiCo,Consumer,452925,19567,0.941,Positive,cinnamon;sustainability,1,UNKNOWN,Brandwatch
SM_00000003,2025-05-26,Reddit,RXBAR,Kellanova,Consumer,109912,3265,0.479,Positive,cinnamon;target-endcap;price,0,MIN,Brandwatch
SM_00000004,2025-04-06,Twitter,KIND,Mars,Consumer,173004,5822,-0.397,Negative,creator-drop;grain-free,0,UNKNOWN,Brandwatch
SM_00000005,2026-01-12,TikTok,RootDay,Acme Corp,Creator,324983,4162,0.243,Positive,taste,1,PHL,Brandwatch
SM_00000006,2025-02-27,TikTok,Quaker,PepsiCo,Consumer,3055277,231888,0.704,Positive,athlete-fuel;new-launch,0,PHX,Brandwatch
SM_00000007,2024-06-20,Instagram,Oatly,Oatly,Consumer,1830901,134781,0.738,Positive,health,0,UNKNOWN,Brandwatch
SM_00000008,2025-02-01,YouTube,Catalina Crunch,Catalina,Creator,1718464,62043,0.564,Positive,family-occasion;health,1,BOS,Brandwatch
SM_00000009,2026-02-17,Instagram,RootDay,Acme Corp,Consumer,674273,30288,-0.068,Neutral,protein,0,UNKNOWN,Brandwatch
SM_00000010,2025-02-08,Instagram,Field & Honey,Larksfield Foods,Consumer,315629,7846,0.144,Neutral,family-occasion,0,SFO,Brandwatch
SM_00000011,2024-09-14,TikTok,Three Wishes,Three Wishes,Consumer,140450,8158,0.307,Positive,convenience,0,UNKNOWN,Brandwatch
SM_00000012,2026-01-26,TikTok,Great Value,Walmart PL,Consumer,1735920,67419,-0.053,Neutral,kids-friendly;cocoa-chocolate,0,UNKNOWN,Brandwatch
SM_00000013,2024-08-13,TikTok,Field & Honey,Larksfield Foods,Consumer,4295383,65227,-0.218,Negative,grain-free,0,UNKNOWN,Brandwatch
SM_00000014,2025-04-24,TikTok,Cheerios,General Mills,Creator,2506290,132359,0.103,Neutral,negative-experience;athlete-fuel,1,NYC,Brandwatch
SM_00000015,2025-07-02,Instagram,Kashi,Kellanova,Consumer,984332,71984,-0.323,Negative,supply-issue;cinnamon,1,UNKNOWN,Brandwatch
SM_00000016,2025-05-28,Twitter,Kashi,Kellanova,Consumer,12686,909,0.189,Positive,health,0,UNKNOWN,Brandwatch
SM_00000017,2025-08-15,TikTok,Field & Honey,Larksfield Foods,Consumer,1102588,38119,0.45,Positive,negative-experience;nostalgic,1,DEN,Brandwatch
SM_00000018,2025-08-28,TikTok,RootDay,Acme Corp,Creator,650880,17214,0.011,Neutral,oat-milk,1,UNKNOWN,Brandwatch
SM_00000019,2025-06-27,Twitter,Great Value,Walmart PL,Consumer,163616,4586,0.502,Positive,sweetened,0,MS-DMA,Brandwatch
SM_00000020,2025-08-04,TikTok,TrailGrove,Acme Corp,Consumer,170297,12179,0.473,Positive,oat-milk;creator-drop,1,PDX,Brandwatch
SM_00000021,2025-03-23,Instagram,HoneyNest,Acme Corp,Creator,993755,54257,0.892,Positive,athlete-fuel;viral,1,STL,Brandwatch
SM_00000022,2024-12-06,Instagram,Cheerios,General Mills,Creator,1595450,106288,0.586,Positive,athlete-fuel;target-endcap,1,UNKNOWN,Brandwatch
SM_00000023,2026-01-19,Instagram,Califia,Califia,Consumer,448308,16412,0.005,Neutral,negative-experience,0,UNKNOWN,Brandwatch
SM_00000024,2024-10-16,Reddit,Three Wishes,Three Wishes,Consumer,189917,5124,0.047,Neutral,athlete-fuel,0,STL,Brandwatch
SM_00000025,2024-10-16,TikTok,KIND,Mars,Consumer,3025404,81666,0.253,Positive,oat-milk;late-night,1,ORL,Brandwatch
SM_00000026,2024-07-17,TikTok,Great Value,Walmart PL,Consumer,3222971,270734,0.214,Positive,cinnamon,1,MIA,Brandwatch
SM_00000027,2024-09-21,Instagram,Magic Spoon,Magic Spoon,Consumer,1213795,56133,-0.264,Negative,sustainability,1,UNKNOWN,Brandwatch
SM_00000028,2024-02-07,Twitter,Field & Honey,Larksfield Foods,Consumer,255439,3388,0.36,Positive,promo;grain-free,0,STL,Brandwatch
SM_00000029,2025-01-23,TikTok,Oatly,Oatly,Consumer,2681174,36966,0.425,Positive,convenience;nostalgic,1,SFO,Brandwatch
SM_00000030,2025-01-04,Reddit,Three Wishes,Three Wishes,Consumer,240752,16695,0.188,Positive,sweetened,0,MIA,Brandwatch
SM_00000031,2024-08-10,TikTok,ProteinPeak,Acme Corp,Consumer,767519,39067,-0.379,Negative,price;target-endcap,1,CHI,Brandwatch
SM_00000032,2024-06-04,YouTube,KIND,Mars,Press,1202327,34061,0.044,Neutral,new-launch;viral,0,UNKNOWN,Brandwatch
SM_00000033,2025-09-09,YouTube,Oatly,Oatly,Creator,281570,7898,0.717,Positive,kids-friendly;family-occasion,1,MEM-DMA,Brandwatch
SM_00000034,2024-03-02,Twitter,Catalina Crunch,Catalina,Consumer,25213,1219,-0.271,Negative,creator-drop;kids-friendly,0,PHL,Brandwatch
SM_00000035,2026-03-18,Twitter,Magic Spoon,Magic Spoon,Consumer,97655,3850,0.422,Positive,sustainability,0,UNKNOWN,Brandwatch
SM_00000036,2024-03-05,Twitter,Frosted Flakes,Kellanova,Consumer,124752,9919,0.838,Positive,athlete-fuel;family-occasion;recipes,0,PHL,Brandwatch
SM_00000037,2024-12-26,Facebook,Great Value,Walmart PL,Consumer,188699,4300,0.679,Positive,negative-experience,0,UNKNOWN,Brandwatch
SM_00000038,2024-07-12,TikTok,Kashi,Kellanova,Consumer,1332654,110178,0.487,Positive,family-occasion;oat-milk;target-endcap,1,UNKNOWN,Brandwatch
SM_00000039,2025-10-05,Instagram,HoneyNest,Acme Corp,Consumer,1530349,11903,0.388,Positive,health;promo,0,UNKNOWN,Brandwatch
SM_00000040,2025-06-12,Twitter,Three Wishes,Three Wishes,Consumer,179442,13603,0.058,Neutral,grain-free,0,LAX,Brandwatch
SM_00000041,2024-04-14,Reddit,MorningOats,Acme Corp,Consumer,192674,9806,0.257,Positive,protein,0,UNKNOWN,Brandwatch
SM_00000042,2025-11-16,Instagram,Crunchwell,Acme Corp,Consumer,1049538,35602,0.155,Neutral,negative-experience;viral;recipes,1,UNKNOWN,Brandwatch
SM_00000043,2026-05-08,Instagram,Bear Naked,Kellanova,Creator,1414535,106057,0.358,Positive,price;late-night,0,AR-DMA,Brandwatch
SM_00000044,2024-02-04,Twitter,MorningOats,Acme Corp,Consumer,157711,10093,-0.311,Negative,packaging;late-night,0,PHL,Brandwatch
SM_00000045,2026-03-12,Reddit,Cheerios,General Mills,Consumer,251715,13400,0.701,Positive,price;grain-free,0,BOS,Brandwatch
SM_00000046,2025-06-12,Twitter,Oatly,Oatly,Creator,85092,5909,-0.059,Neutral,negative-experience;viral,0,ATL,Brandwatch
SM_00000047,2024-07-28,Instagram,ProteinPeak,Acme Corp,Consumer,654084,10087,0.479,Positive,new-launch,0,PHL,Brandwatch
SM_00000048,2026-03-31,TikTok,MorningOats,Acme Corp,Consumer,1326500,14101,-0.179,Neutral,cinnamon;promo;negative-experience;family-occasion,0,HOU,Brandwatch
SM_00000049,2025-02-28,TikTok,RXBAR,Kellanova,Consumer,4173295,223686,-0.995,Negative,family-occasion;sweetened;price,1,UNKNOWN,Brandwatch
SM_00000050,2026-01-08,Reddit,ProteinPeak,Acme Corp,Consumer,272381,19563,0.244,Positive,oat-milk;athlete-fuel;cocoa-chocolate;protein,0,UNKNOWN,Brandwatch
SM_00000051,2025-10-03,Twitter,Frosted Flakes,Kellanova,Consumer,223358,14189,-0.458,Negative,supply-issue,0,UNKNOWN,Brandwatch
SM_00000052,2024-11-10,Instagram,ProteinPeak,Acme Corp,Consumer,1450253,12762,-0.993,Negative,late-night;negative-experience;convenience,0,PDX,Brandwatch
SM_00000053,2025-07-21,TikTok,Oatly,Oatly,Brand,3200670,177114,0.304,Positive,grain-free;family-occasion,0,UNKNOWN,Brandwatch
SM_00000054,2024-02-18,TikTok,Califia,Califia,Consumer,3034880,212926,0.357,Positive,supply-issue;nostalgic,1,UNKNOWN,Brandwatch
SM_00000055,2024-07-04,Instagram,KIND,Mars,Consumer,869557,5773,-0.563,Negative,supply-issue;creator-drop,0,UNKNOWN,Brandwatch
SM_00000056,2025-07-07,Instagram,Cheerios,General Mills,Consumer,330919,11357,0.84,Positive,family-occasion;price;negative-experience,1,CHI,Brandwatch
SM_00000057,2024-08-05,Facebook,HoneyNest,Acme Corp,Consumer,25881,1712,-0.195,Negative,viral,0,UNKNOWN,Brandwatch
SM_00000058,2025-08-25,Twitter,Kashi,Kellanova,Consumer,250865,11688,0.198,Positive,grain-free;oat-milk,0,UNKNOWN,Brandwatch
SM_00000059,2026-03-10,YouTube,Frosted Flakes,Kellanova,Consumer,1466449,17240,-0.377,Negative,cocoa-chocolate;supply-issue;convenience,1,UNKNOWN,Brandwatch
SM_00000060,2024-08-22,TikTok,Magic Spoon,Magic Spoon,Consumer,115333,1287,-0.226,Negative,cocoa-chocolate;oat-milk;health;nostalgic,1,UNKNOWN,Brandwatch
SM_00000061,2025-10-02,TikTok,MorningOats,Acme Corp,Press,3090920,192133,0.187,Positive,recipes,1,UNKNOWN,Brandwatch
SM_00000062,2025-05-27,YouTube,Field & Honey,Larksfield Foods,Consumer,395284,5575,0.395,Positive,health,0,UNKNOWN,Brandwatch
SM_00000063,2025-06-18,Instagram,MorningOats,Acme Corp,Consumer,559360,32012,-0.336,Negative,negative-experience;convenience;sustainability,1,UNKNOWN,Brandwatch
SM_00000064,2025-06-25,TikTok,Field & Honey,Larksfield Foods,Consumer,2532073,37545,-0.235,Negative,price;family-occasion,0,UNKNOWN,Brandwatch
SM_00000065,2025-04-29,Reddit,Field & Honey,Larksfield Foods,Creator,241583,2184,0.23,Positive,convenience;promo;oat-milk,0,UNKNOWN,Brandwatch
SM_00000066,2024-12-25,TikTok,MorningOats,Acme Corp,Consumer,66966,5171,-0.04,Neutral,athlete-fuel;late-night,0,CHI,Brandwatch
SM_00000067,2025-01-03,Reddit,TrailGrove,Acme Corp,Consumer,157765,1181,0.375,Positive,athlete-fuel;promo,0,HOU,Brandwatch
SM_00000068,2026-03-13,Instagram,MorningOats,Acme Corp,Consumer,1014163,12080,0.102,Neutral,oat-milk;price,1,DET,Brandwatch
SM_00000069,2025-12-12,Twitter,Califia,Califia,Consumer,108027,7736,-0.07,Neutral,sustainability;kids-friendly;negative-experience,0,UNKNOWN,Brandwatch
SM_00000070,2025-10-13,YouTube,Field & Honey,Larksfield Foods,Consumer,720096,60354,0.191,Positive,cinnamon,1,BIR-DMA,Brandwatch
SM_00000071,2025-10-29,Twitter,Oatly,Oatly,Press,16012,572,0.476,Positive,taste,0,PIT,Brandwatch
SM_00000072,2025-08-20,Twitter,RootDay,Acme Corp,Consumer,241530,6271,0.35,Positive,late-night;kids-friendly,0,PHX,Brandwatch
SM_00000073,2025-12-15,Reddit,ProteinPeak,Acme Corp,Consumer,15614,265,0.838,Positive,nostalgic,0,MS-DMA,Brandwatch
SM_00000074,2025-12-07,TikTok,ProteinPeak,Acme Corp,Consumer,2394945,133217,0.467,Positive,health;packaging,1,UNKNOWN,Brandwatch
SM_00000075,2025-04-05,TikTok,Oatly,Oatly,Consumer,3905879,314615,-0.778,Negative,convenience;health,1,PHX,Brandwatch
SM_00000076,2025-04-04,TikTok,Califia,Califia,Creator,3113865,123723,0.142,Neutral,new-launch,0,PDX,Brandwatch
SM_00000077,2025-03-01,Twitter,Magic Spoon,Magic Spoon,Press,89467,1877,0.701,Positive,new-launch,0,SEA,Brandwatch
SM_00000078,2024-07-04,Instagram,KIND,Mars,Consumer,437417,29217,-0.775,Negative,negative-experience;promo;health;price,0,UNKNOWN,Brandwatch
SM_00000079,2024-07-28,Facebook,Crunchwell,Acme Corp,Consumer,35915,367,1.0,Positive,sustainability;protein;oat-milk;family-occasion,0,DAL,Brandwatch
SM_00000080,2025-04-11,TikTok,Kashi,Kellanova,Creator,2063284,65473,0.503,Positive,supply-issue;taste;convenience,1,PIT,Brandwatch
SM_00000081,2025-11-20,TikTok,Oatly,Oatly,Consumer,1648381,102484,-0.573,Negative,grain-free;nostalgic,0,AL-DMA,Brandwatch
SM_00000082,2024-09-11,YouTube,Great Value,Walmart PL,Consumer,357674,26913,0.174,Neutral,negative-experience;convenience;creator-drop;nostalgic,1,NYC,Brandwatch
SM_00000083,2024-07-30,YouTube,Field & Honey,Larksfield Foods,Press,1100488,40420,1.0,Positive,cocoa-chocolate;late-night;convenience,0,UNKNOWN,Brandwatch
SM_00000084,2024-09-27,TikTok,Crunchwell,Acme Corp,Consumer,4001576,220318,-1.0,Negative,late-night;recipes;new-launch;taste,0,UNKNOWN,Brandwatch
SM_00000085,2025-07-28,TikTok,Crunchwell,Acme Corp,Consumer,760411,5162,0.62,Positive,packaging;negative-experience,0,DET,Brandwatch
SM_00000086,2026-02-16,Instagram,HoneyNest,Acme Corp,Consumer,579886,8415,-0.203,Negative,oat-milk,1,UNKNOWN,Brandwatch
SM_00000087,2024-09-27,Reddit,Frosted Flakes,Kellanova,Consumer,110120,6514,0.327,Positive,negative-experience;convenience,0,UNKNOWN,Brandwatch
SM_00000088,2025-08-16,TikTok,KIND,Mars,Creator,3569924,23555,0.122,Neutral,recipes;sweetened;creator-drop,1,UNKNOWN,Brandwatch
SM_00000089,2024-10-01,TikTok,Catalina Crunch,Catalina,Consumer,4308031,236702,-0.165,Neutral,grain-free;cocoa-chocolate,1,BOS,Brandwatch
SM_00000090,2024-10-05,Instagram,Three Wishes,Three Wishes,Creator,848915,62872,-0.802,Negative,health;creator-drop,0,SFO,Brandwatch
SM_00000091,2025-11-22,TikTok,Great Value,Walmart PL,Creator,3070141,104485,-0.22,Negative,convenience,1,AR-DMA,Brandwatch
SM_00000092,2024-09-29,YouTube,Field & Honey,Larksfield Foods,Consumer,993121,30996,-0.095,Neutral,packaging,0,SFO,Brandwatch
SM_00000093,2024-08-28,TikTok,Magic Spoon,Magic Spoon,Consumer,282706,13310,-0.643,Negative,recipes,1,OK-DMA,Brandwatch
SM_00000094,2025-11-13,TikTok,HoneyNest,Acme Corp,Creator,65533,4439,-0.104,Neutral,grain-free;kids-friendly,1,NYC,Brandwatch
SM_00000095,2024-09-20,Instagram,HoneyNest,Acme Corp,Creator,1157193,97676,-0.349,Negative,health;convenience,0,LAX,Brandwatch
SM_00000096,2025-10-08,TikTok,HoneyNest,Acme Corp,Consumer,3717430,45757,-0.2,Negative,recipes,1,NYC,Brandwatch
SM_00000097,2025-02-15,YouTube,Kashi,Kellanova,Creator,1327732,62676,0.688,Positive,taste;athlete-fuel;protein,1,UNKNOWN,Brandwatch
SM_00000098,2025-09-11,Reddit,HoneyNest,Acme Corp,Consumer,23908,1135,0.19,Positive,target-endcap;kids-friendly,0,UNKNOWN,Brandwatch
SM_00000099,2024-03-01,Instagram,Magic Spoon,Magic Spoon,Consumer,1040641,25776,0.042,Neutral,grain-free;supply-issue,0,AR-DMA,Brandwatch
SM_00000100,2025-07-17,Twitter,Bear Naked,Kellanova,Creator,250415,19424,0.808,Positive,nostalgic;promo,0,BAL,Brandwatch
