trend_id,trend_topic,strength_0to1,phase,affected_categories,affected_brands_acme,affected_brands_competitor,since_date,direction,key_signals,notes,source
MT001,High-protein cereal,0.92,Growth,RTE Cereal,ProteinPeak,Magic Spoon;Three Wishes;Catalina;Kashi GO,2022-Q1,Up,Search +180% YoY; new launches +47% YoY,Subcategory growing 18% YoY,Spate + Mintel
MT002,Plant-based milk barista,0.84,Growth,Plant-Based Milk,RootDay Barista,Califia;Oatly,2021-Q3,Up,TikTok #oatmilkbarista 2.4B views;cafe partnerships,Barista is the volume engine of oat milk,Spate + TikTok
MT003,Grain-free / keto cereal,0.62,Plateau,RTE Cereal,(none — whitespace),Magic Spoon;Three Wishes;Catalina,2020-Q4,Flat,Volume softening after 2024 peak,Already mature trend,Spate
MT004,Cinnamon flavor renaissance,0.78,Growth,RTE Cereal+Granola,Crunchwell Cinnamon Twist;ProteinPeak Cinnamon Crunch (planned),Cheerios;Bear Naked,2024-Q3,Up,TikTok #cinnamonroll 1.1B views;7 cinnamon launches in last 12 months,Crunchwell Cinnamon Twist underperformed but trend is real,Spate + Mintel
MT005,Mom-founded indie food,0.68,Growth,RTE Cereal+Bar,(none — whitespace),Three Wishes;Magic Spoon,2022-Q4,Up,Founder-led IG content +120% engagement YoY,Indie brand premium positioning,Tribe Dynamics
MT006,Heart-healthy reclamation,0.58,Growth,RTE Cereal,Crunchwell (positioning opportunity),Cheerios,2023-Q2,Up,Search +92% YoY;heart-healthy claim front-of-pack +40%,Cheerios owns; Crunchwell could co-own,Spate
MT007,Hispanic American food formats,0.66,Growth,RTE Cereal,Crunchwell (Maiz Crunch concept),Maizoro;Hatch Foods,2024-Q1,Up,Hispanic HH growth +9% in 2024-2025;Maizoro $18M in LA-DMA,Tied to LA decline H4,Numerator + Census
MT008,Sustainable packaging,0.74,Growth,All Categories,RootDay (carton);TrailGrove (recyclable pouch),Nature's Path;Bear Naked,2022-Q2,Up,Reddit r/zerowaste +60% YoY;in-pack claims +28%,General consumer priority,Brandwatch + Mintel
MT009,GLP-1 / Ozempic appetite shift,0.81,Growth,RTE Cereal+Bar+Hot Cereal,(unknown — under-investigated),(category-wide impact),2024-Q1,Down (volume impact),Smaller portion sizes preferred;single-serve gaining,Net negative for cereal volume but positive for single-serve,Datassential + Numerator
MT010,Low-sugar reformulation pressure,0.72,Growth,RTE Cereal+Granola,Crunchwell Original (low-sugar),Cheerios;Magic Spoon,2024-Q1,Up,Front-of-pack sugar warnings;state regulation,Reformulation pressure rising,Mintel + Datassential
MT011,TikTok Shop grocery,0.86,Emerging,All Categories,(under-investigated),Magic Spoon;Three Wishes,2024-Q3,Up,TikTok Shop grocery GMV +280% YoY,New channel emerging,Spate + Helium 10
MT012,Gen Z breakfast skipping,0.58,Stable,RTE Cereal+Hot Cereal,(category-wide impact),(category-wide impact),2020-Q1,Down,Gen Z breakfast skip rate 38%,Long-term headwind for cereal volume,Mintel + Datassential
MT013,Late-night cereal occasion,0.42,Stable,RTE Cereal,(neutral),(neutral),2023-Q1,Flat,#cerealfordinner persistent;~7% of cereal occasions,Mature niche trend,Spate
MT014,Hot oats + savory,0.46,Emerging,Hot Cereal,MorningOats Steel Cut,(none yet),2024-Q4,Up,Search +41% YoY;cafe trend,Whitespace for hot cereal,Datassential
MT015,Functional ingredients (collagen / mushroom / probiotic),0.61,Growth,RTE Cereal+Bar+Granola,(under-investigated),Three Wishes;Catalina,2023-Q2,Up,Mushroom coffee adoption priming consumers,Functional whitespace,Spate + Mintel
MT016,Kid-cereal mom guilt,0.68,Growth,Kids Cereal,HoneyNest Cocoa Buzz facing pressure,Kashi;General Mills Cinnamon Toast Crunch,2024-Q1,Down (kids cereal),Kids cereal subcategory -2.8% in FY25,Tied to HoneyNest delist roadmap,Numerator + Datassential
MT017,Coffee-cereal pairing content,0.52,Stable,RTE Cereal+Coffee,(neutral),(neutral),2023-Q1,Flat,Cereal-as-snack content emerging,Light tailwind,Spate
MT018,Carbs are back,0.58,Growth,RTE Cereal+Bar+Granola,All Acme cereal,All competitive cereal,2024-Q3,Up,Athletic carb-loading content +160% YoY,Athletic angle for ProteinPeak / TrailGrove,Spate
MT019,Real fruit / clean ingredient,0.66,Growth,RTE Cereal+Granola+Bar,Crunchwell Berry Burst;TrailGrove,Cheerios Honey Vanilla;KIND,2023-Q4,Up,Front-of-pack ingredient lists,Continuing clean-label,Mintel
MT020,Local / regional flavors,0.48,Growth,All Categories,(opportunity),Hatch Foods;Tony Chacheres,2023-Q2,Up,Regional brand share +5.1% YoY,Whitespace if Acme moves,Numerator + Mintel
MT021,Refrigerated overnight oats,0.54,Emerging,Hot Cereal,MorningOats Overnight Vanilla,(competitors entering),2024-Q1,Up,Format launches +8 in last 12 months,Format expanding,Mintel
MT022,Honey claim recovery,0.42,Stable,RTE Cereal,Crunchwell Honey Nut + HoneyNest;HoneyNest Buzz line,Honey Bunches Oats;Honey Nut Cheerios,2024-Q2,Flat,Bee crisis content; honey ingredient credibility,Background factor,Datassential
MT023,Limited-time offers (LTO) acceleration,0.74,Growth,RTE Cereal+Granola+Bar,HoneyNest Birthday Cake;TrailGrove LTOs,Bear Naked Birthday Cake;Cheerios Honey Vanilla,2024-Q3,Up,LTO mention +94% YoY;higher engagement than core,Acme strategy implication: more LTOs,Mintel + Spate
MT024,No-sugar protein bars,0.66,Growth,Bar,(under-investigated),RXBAR Cookie Dough;Quest;Atlas,2024-Q1,Up,Search +120% YoY,Whitespace for ProteinPeak Bars (INV012),Spate
MT025,On-the-go single-serve breakfast,0.72,Growth,RTE Cereal+Hot Cereal,MorningOats Cup;Crunchwell Single-Serve,(broad category trend),2023-Q1,Up,Convenience occasion +18% YoY,Format expanding,Datassential + Numerator
MT026,Walmart Spark / Plus subscription effects,0.62,Growth,All Categories,(category-wide),(category-wide),2023-Q2,Up,Walmart+ membership 31M;changes basket,Walmart-specific trend,Walmart Luminate + Profitero
MT027,Kroger Boost / loyalty intensification,0.54,Stable,All Categories,(category-wide),(category-wide),2022-Q4,Flat,Loyalty discount layer; basket implications,Kroger-specific,84.51
MT028,Almond milk decline,0.42,Decline,Plant-Based Milk,(opportunity for RootDay),Silk Almond;Califia Almond,2022-Q3,Down,Almond -2.4% YoY in FY24,Almond declining as oat grows,NielsenIQ
MT029,Vibrant packaging / shelf-shouting,0.48,Stable,RTE Cereal+Granola,Crunchwell Pack Refresh (planned),(competitive packaging arms race),2024-Q1,Up,Visual category re-energization,Tied to INV001,Mintel
MT030,Nostalgia branding,0.52,Stable,RTE Cereal+Bar,Crunchwell heritage angle (74-yr brand),Cheerios heritage,2023-Q2,Flat,Brand-storytelling content,Acme heritage angle,Datassential
